inappropriate,1,0.97,b6t6ipu0v2821.jpg
inappropriate,1,0.93,w430r641q1921.jpg
inappropriate,1,1.00,kz4d60d1ais01.jpg
inappropriate,1,0.95,xgroqh9frun31.jpg
inappropriate,1,0.94,q3fogm3rttp11.jpg
inappropriate,1,0.97,459rl55evae21.jpg
inappropriate,1,0.91,qren1ze1jq441.jpg
inappropriate,1,0.92,14i93.jpg
inappropriate,1,0.93,010tu8h3h1y01.jpg
inappropriate,1,0.99,6tu8t20msrj21.jpg
inappropriate,1,1.00,ch7k56f3zm031.jpg
inappropriate,1,1.00,0h4a8mfbcrm21.jpg
inappropriate,1,0.98,kh2eokuxnjg21.jpg
inappropriate,1,0.93,sa97tgb07r541.jpg
inappropriate,1,0.99,5f1ms6539wr31.jpg
inappropriate,1,0.96,2ftywwbtw0831.jpg
inappropriate,1,0.92,xnbsyr55ul341.jpg
inappropriate,1,0.95,dfk6t7qc9vg31.jpg
inappropriate,1,0.91,jdvy0nw0hvs01.jpg
inappropriate,1,0.99,qlzb8wi34ga31.jpg
inappropriate,1,0.93,7c8m7qjte7c31.jpg
inappropriate,1,1.00,wj82v568u2a31.jpg
inappropriate,1,0.98,5yili1ip2v741.jpg
inappropriate,1,0.96,13q73.jpg
inappropriate,1,0.97,wjn4ffvn9fb21.jpg
inappropriate,1,0.95,yzn13vc68av31.jpg
inappropriate,1,0.99,l1x0m33tw0j21.jpg
inappropriate,1,0.95,81znj7p1zxt31.jpg
inappropriate,1,0.96,2b2qo0z5eqi31.jpg
inappropriate,1,0.96,890e34vv98711.jpg
inappropriate,1,0.93,hwmop9aurhr21.jpg
inappropriate,1,0.98,xfgzcq2np7141.jpg
inappropriate,1,0.98,99bxxhw2m0721.jpg
inappropriate,1,0.95,iomlv7h8s7y31.jpg
inappropriate,1,0.98,ahsz8aajsf211.jpg
inappropriate,1,0.96,cm5t3grmxes31.jpg
inappropriate,1,0.95,v6pt2aahuf731.jpg
inappropriate,1,0.94,dz4fz09ebc841.jpg
inappropriate,1,0.95,k0qffkh1j7y31.jpg
inappropriate,1,1.00,3quthipi7z221.jpg
inappropriate,1,0.90,t5jdg3ebk0911.jpg
inappropriate,1,1.00,g6nty52z8e021.jpg
inappropriate,1,0.93,7goy4ntdc1u21.jpg
inappropriate,1,0.96,mkskwr4qfw041.jpg
inappropriate,1,0.90,d0892q2mhjc31.jpg
inappropriate,1,0.96,129wb.jpg
inappropriate,1,0.95,hhml5svmtl631.jpg
inappropriate,1,0.98,3xx4v8292gs21.jpg
inappropriate,1,0.96,g9dnocfin7u31.jpg
inappropriate,1,0.93,z5v2ueyzccm31.jpg
inappropriate,1,0.98,zv3s401zgji21.jpg
inappropriate,1,0.92,14cer.jpg
inappropriate,1,0.95,4xwnr9sa2cq11.jpg
inappropriate,1,0.98,bzqusymync1z.jpg
inappropriate,1,0.92,mvs5xbnpnda21.jpg
inappropriate,1,0.98,r2im.jpg
inappropriate,1,0.97,dlfdb2b9mfk31.jpg
inappropriate,1,0.96,s3zt1tl7td341.jpg
inappropriate,1,0.97,15qx6.jpg
inappropriate,1,0.96,7yxtp87s1av31.jpg
inappropriate,1,0.99,w2ce.jpg
inappropriate,1,0.92,z6cp02pgfb701.jpg
inappropriate,1,0.99,hwfddpqxuk021.jpg
inappropriate,1,0.99,kltwj98tk3m21.jpg
inappropriate,1,0.96,oivkn1fdw7j21.jpg
inappropriate,1,0.92,91ygqokczkj21.jpg
inappropriate,1,0.94,13ybc.jpg
inappropriate,1,0.93,05udanh30p041.jpg
inappropriate,1,0.93,z5lzwfiz7v541.jpg
inappropriate,1,0.97,obbd0p6iux231.jpg
inappropriate,1,0.99,cxnqmgfvr6w31.jpg
inappropriate,1,0.98,hqohbpicypb21.jpg
inappropriate,1,0.94,df57ug2sh1j31.jpg
inappropriate,1,0.97,qdz60mkj18n11.jpg
inappropriate,1,0.95,d296zss859211.jpg
inappropriate,1,1.00,n7hbm2wppc321.jpg
inappropriate,1,0.96,znkec8tufgt11.jpg
inappropriate,1,0.99,4h810c6lo9011.jpg
inappropriate,1,0.91,8cx79hi124i11.jpg
inappropriate,1,1.00,o8zto2d2obf21.jpg
inappropriate,1,0.95,o4zozphh7iz31.jpg
inappropriate,1,0.99,13yzz.jpg
inappropriate,1,0.99,emo8lmewvyg21.jpg
inappropriate,1,1.00,kx1ngmdpw3d21.jpg
inappropriate,1,0.91,4xefrfyx2h221.jpg
inappropriate,1,0.98,8g7k0cieklh31.jpg
inappropriate,1,0.98,16ga6.jpg
inappropriate,1,0.99,8g1tssl11gs21.jpg
inappropriate,1,0.99,xubqnwx6b7x11.jpg
inappropriate,1,0.97,90451qhht6z11.jpg
inappropriate,1,0.96,04170fhugyi31.jpg
inappropriate,1,0.94,k0f9vc4rmn141.jpg
inappropriate,1,0.94,pxgisbpsf8731.jpg
inappropriate,1,0.92,2r8vnmhm0zn31.jpg
inappropriate,1,0.93,e64rok3stpl31.jpg
inappropriate,1,1.00,7e62c7md2er31.jpg
inappropriate,1,0.97,w3rcw37eliz31.jpg
inappropriate,1,0.94,cqycpq1xrbw11.jpg
inappropriate,1,0.95,tlykylq1odt31.jpg
inappropriate,1,0.99,14zw0.jpg
inappropriate,1,0.96,cuwte33gids31.jpg
inappropriate,1,0.98,thswemk6tyt31.jpg
inappropriate,1,1.00,18x9lpoe3kp11.jpg
inappropriate,1,0.92,1il4s.jpg
inappropriate,1,0.96,yqvzmlag5fx21.jpg
inappropriate,1,0.93,vw473pue2ey21.jpg
inappropriate,1,0.90,t7r8hmfbbg731.jpg
inappropriate,1,0.97,1fkrl.jpg
inappropriate,1,0.96,h4xnvu9de4v31.jpg
inappropriate,1,0.97,wkeuepvf6dw11.jpg
inappropriate,1,0.95,rbf5f45316p21.jpg
inappropriate,1,0.92,81rm1unz8d021.jpg
inappropriate,1,0.98,0mh6qauj6hp31.jpg
inappropriate,1,0.98,16df2.jpg
inappropriate,1,0.95,228a86ya5bz31.jpg
inappropriate,1,0.99,uf6q.jpg
inappropriate,1,0.91,7qmjw186vry31.jpg
inappropriate,1,0.91,178nq.jpg
inappropriate,1,0.90,26lbij13x5m31.jpg
inappropriate,1,0.91,mvj7kjbofhn31.jpg
inappropriate,1,0.96,600hi884lt831.jpg
inappropriate,1,0.91,xunk7d601jv11.jpg
inappropriate,1,0.95,onicctai3f041.jpg
inappropriate,1,0.99,7cy9jsa052141.jpg
inappropriate,1,0.96,1kpn36ud48d21.jpg
inappropriate,1,0.99,u2km65cl5a511.jpg
inappropriate,1,0.96,bfaw1bv62tl31.jpg
inappropriate,1,0.98,135a7.jpg
inappropriate,1,0.95,tsmndfzeb3d11.jpg
inappropriate,1,0.90,1ifzv.jpg
inappropriate,1,0.90,zjrxah1w7ax31.jpg
inappropriate,1,1.00,rq08lmfm0b241.jpg
inappropriate,1,0.96,x6qkpnyd98i31.jpg
inappropriate,1,0.93,r5y04qlzyo041.jpg
inappropriate,1,0.96,zk47ciytlfm11.jpg
inappropriate,1,0.99,yjx2d6jozs131.jpg
inappropriate,1,0.97,zj6rq4iq3v421.jpg
inappropriate,1,0.94,z7sx6uxn9bn21.jpg
inappropriate,1,0.96,03ps14lun1v11.jpg
inappropriate,1,0.99,7e9yenyc7lq31.jpg
inappropriate,1,0.96,onk1hgvwvxg31.jpg
inappropriate,1,0.93,elqlgviebgq31.jpg
inappropriate,1,0.94,j94qx357q7t31.jpg
inappropriate,1,1.00,vkyfb0mykd341.jpg
inappropriate,1,0.99,lnzbdrn4eke21.jpg
inappropriate,1,0.93,8zrvboqx6q1z.jpg
inappropriate,1,0.92,3taq36woj0y21.jpg
inappropriate,1,0.92,rlwv4e7mi9331.jpg
inappropriate,1,0.90,s8fhdyanvv931.jpg
inappropriate,1,0.90,esvottfpae241.jpg
inappropriate,1,0.98,vskq4zn15aq21.jpg
inappropriate,1,0.99,5fwhsar1xkg31.jpg
inappropriate,1,0.99,cqpjqv10c1j21.jpg
inappropriate,1,0.90,cxxx4a1zgx721.jpg
inappropriate,1,0.93,6ysv0nt9xd631.jpg
inappropriate,1,0.95,5y986kzewtw31.jpg
inappropriate,1,0.99,13qmi.jpg
inappropriate,1,0.98,xc1698cbvsf21.jpg
inappropriate,1,0.97,r9arni53xd641.jpg
inappropriate,1,0.96,iyoytejhmvd31.jpg
inappropriate,1,0.98,17gzk.jpg
inappropriate,1,0.94,15qyl.jpg
inappropriate,1,0.99,13bdl.jpg
inappropriate,1,0.99,9xmqxprkpi531.jpg
inappropriate,1,0.98,6r5udvsqaqf11.jpg
inappropriate,1,0.98,lxbm6celkmr31.jpg
inappropriate,1,0.97,2fnib57hbin21.jpg
inappropriate,1,1.00,8b98zxet58931.jpg
inappropriate,1,0.94,s2ma99160f341.jpg
inappropriate,1,0.93,19onv.jpg
inappropriate,1,0.97,17bpt.jpg
inappropriate,1,0.93,nbq0tmffb7h31.jpg
inappropriate,1,0.93,y8b5cki0neo31.jpg
inappropriate,1,0.96,t49qhlhv75h21.jpg
inappropriate,1,0.97,a26fz8uyawr01.jpg
inappropriate,1,0.90,h8gidp83ex321.jpg
inappropriate,1,1.00,224d8t6500531.jpg
inappropriate,1,0.96,ojsglq4eem231.jpg
inappropriate,1,0.98,dz3f51brnh231.jpg
inappropriate,1,0.94,8aors8x0lys21.jpg
inappropriate,1,0.94,16p40.jpg
inappropriate,1,0.96,kn4i4mfiygg21.jpg
inappropriate,1,0.95,sv7u2msak6m31.jpg
inappropriate,1,0.96,xozo3tas06t11.jpg
inappropriate,1,0.96,326ozncpjmz31.jpg
inappropriate,1,0.96,fbbpewulvk211.jpg
inappropriate,1,0.92,87ev2k9q1gk31.jpg
inappropriate,1,1.00,oq7wtj5t93431.jpg
inappropriate,1,0.96,k34tznzx47l31.jpg
inappropriate,1,0.96,yfuj.jpg
inappropriate,1,0.96,32j9mp4zxh331.jpg
inappropriate,1,0.98,rkcu5ssnx3g21.jpg
inappropriate,1,0.93,vhk4za008w341.jpg
inappropriate,1,0.97,88jfc3knsy641.jpg
inappropriate,1,0.96,1xag6zs2raq31.jpg
inappropriate,1,0.94,j2sxi0jvn7q31.jpg
inappropriate,1,1.00,9nm9idp0gbq01.jpg
inappropriate,1,0.93,oq0iij2ecb131.jpg
inappropriate,1,0.97,ljm7ko4brpw11.jpg
inappropriate,1,0.92,yr361ginywf11.jpg
inappropriate,1,0.91,yui1f0iolun31.jpg
inappropriate,1,0.98,2k8lvg0e4mf31.jpg
inappropriate,1,0.92,84rerX.jpg
inappropriate,1,0.99,14ld2.jpg
inappropriate,1,0.91,y47ybdwbyl041.jpg
inappropriate,1,0.97,mpki1hmr28f31.jpg
inappropriate,1,0.95,eu9xkcvvast21.jpg
inappropriate,1,0.99,x1ci8s1jhwx31.jpg
inappropriate,1,0.93,tx761f0scg741.jpg
inappropriate,1,0.91,p2v9js25trc21.jpg
inappropriate,1,0.91,o83n8fb1yb641.jpg
inappropriate,1,0.92,ukcp8wvvbia31.jpg
inappropriate,1,1.00,12jib.jpg
inappropriate,1,0.98,rcxbc5739j321.jpg
inappropriate,1,0.99,r5h7.jpg
inappropriate,1,0.98,vjlo3rkioa341.jpg
inappropriate,1,0.97,15plg.jpg
inappropriate,1,0.97,13ypw.jpg
inappropriate,1,0.97,z1fpkvgwaph11.jpg
inappropriate,1,0.92,93rz3oj8dbs31.jpg
inappropriate,1,0.96,zpsoe3rmehv31.jpg
inappropriate,1,0.99,a4dgwvfqbox01.jpg
inappropriate,1,0.96,s7en5h1cv4f31.jpg
inappropriate,1,0.91,55pebciksjh21.jpg
inappropriate,1,0.97,8buhdzt4wwm21.jpg
inappropriate,1,0.93,pb4j2926qbk21.jpg
inappropriate,1,0.90,zt9j2k05a6i21.jpg
inappropriate,1,0.98,t9snwdxoap241.jpg
inappropriate,1,0.91,w14ff2c3air31.jpg
inappropriate,1,0.93,sv2shzs53b721.jpg
inappropriate,1,0.98,nu6uz3hibwc31.jpg
inappropriate,1,0.98,pr2wmn9l2t041.jpg
inappropriate,1,0.95,62zwt1i8ewy11.jpg
inappropriate,1,0.96,ty6h05m72tk31.jpg
inappropriate,1,0.94,inbze4grbbr01.jpg
inappropriate,1,0.97,56shxpijpww31.jpg
inappropriate,1,0.98,trwxxufb18y31.jpg
inappropriate,1,0.95,c54t258jv9921.jpg
inappropriate,1,0.97,pcb0liphb0241.jpg
inappropriate,1,0.94,snjp.jpg
inappropriate,1,0.95,5vhwh8c72yz31.jpg
inappropriate,1,0.99,1gz59.jpg
inappropriate,1,0.99,13r9k.jpg
inappropriate,1,0.95,8mqr8gqihm641.jpg
inappropriate,1,0.99,itei95glnff31.jpg
inappropriate,1,0.98,cq2o7z7tkx421.jpg
inappropriate,1,0.91,wt5k007htu711.jpg
inappropriate,1,0.94,uhgs6jd2lwg21.jpg
inappropriate,1,0.97,166pz.jpg
inappropriate,1,0.99,b9blfe8s8k041.jpg
inappropriate,1,0.98,ll7kezg792r31.jpg
inappropriate,1,0.92,1c4bn.jpg
inappropriate,1,0.98,141ux.jpg
inappropriate,1,0.93,xplsrwgml6e21.jpg
inappropriate,1,0.99,cs1h0ei98kw21.jpg
inappropriate,1,0.99,6dkch0vimaw31.jpg
inappropriate,1,0.99,7ytuvexb8ue31.jpg
inappropriate,1,0.92,gqljay4ukn041.jpg
inappropriate,1,0.99,mbp1n1dxrpm21.jpg
inappropriate,1,0.93,hly55nba1ln31.jpg
inappropriate,1,0.99,tysjuu5ht9u31.jpg
inappropriate,1,0.94,jshdd5l1icg31.jpg
inappropriate,1,0.96,13tmo.jpg
inappropriate,1,0.97,imnz93ap4zg31.jpg
inappropriate,1,0.98,4wmxz8gdkx631.jpg
inappropriate,1,0.90,5ld0qegvy1p31.jpg
inappropriate,1,0.96,17jvk.jpg
inappropriate,1,0.94,defaeyk6j1041.jpg
inappropriate,1,0.96,308ny12uh1b11.jpg
inappropriate,1,0.98,ingdkcbhzw531.jpg
inappropriate,1,0.95,i61uxg3vz7641.jpg
inappropriate,1,0.99,t8bohs6ttbw11.jpg
inappropriate,1,0.95,grov154q20t31.jpg
inappropriate,1,0.90,oeysj5tlrzr31.jpg
inappropriate,1,0.94,14ils.jpg
inappropriate,1,1.00,0qrn77mveuj31.jpg
inappropriate,1,0.97,15ry6.jpg
inappropriate,1,0.98,1t5yf6adux721.jpg
inappropriate,1,0.96,3xqkk59gdgk21.jpg
inappropriate,1,0.93,x2fwoo7rkt721.jpg
inappropriate,1,0.99,eydzhzwjeyp21.jpg
inappropriate,1,0.95,r4jzddma96y31.jpg
inappropriate,1,0.99,c49w4bz3rpc21.jpg
inappropriate,1,0.99,3xcrfj7x8p041.jpg
inappropriate,1,0.97,1dugz.jpg
inappropriate,1,1.00,2jjifj5roa441.jpg
inappropriate,1,0.95,fa9rv8ob1fi21.jpg
inappropriate,1,0.96,svclzqp02z631.jpg
inappropriate,1,0.93,at1qskjcu3b31.jpg
inappropriate,1,0.94,qnevngdoscj31.jpg
inappropriate,1,0.91,4mu3q1snhlj31.jpg
inappropriate,1,0.97,s12bxrwhmdr11.jpg
inappropriate,1,1.00,ecv3mg7fz1q21.jpg
inappropriate,1,0.96,lybkptswhuz31.jpg
inappropriate,1,0.94,fxch0vo64sz31.jpg
inappropriate,1,0.94,mn1n401bqry31.jpg
inappropriate,1,0.90,h9mcuwmh61a21.jpg
inappropriate,1,0.97,xmzlgoiog0d31.jpg
inappropriate,1,0.93,girg9sozku641.jpg
inappropriate,1,0.99,es6dknp83lq31.jpg
inappropriate,1,0.95,pkppzpt4cs541.jpg
inappropriate,1,0.94,qkwr8tzmprn21.jpg
inappropriate,1,0.90,8ksh29pc4it21.jpg
inappropriate,1,0.91,b2yk4kgifuf11.jpg
inappropriate,1,0.92,4ldm73jvaq131.jpg
inappropriate,1,0.99,nrqhshobker11.jpg
inappropriate,1,0.98,p16nhhrku2h31.jpg
inappropriate,1,0.96,o0xuwhnrcs441.jpg
inappropriate,1,0.97,vh4aunp2i7e21.jpg
inappropriate,1,0.97,6qcw8796pj321.jpg
inappropriate,1,0.98,3mx2tmu4vwq31.jpg
inappropriate,1,0.96,0oqv36afadu31.jpg
inappropriate,1,0.94,d51kev0bhyv31.jpg
inappropriate,1,0.92,n22e73nvwfo21.jpg
inappropriate,1,0.94,pmgc09c10pb31.jpg
inappropriate,1,0.95,mf4kvt0tth321.jpg
inappropriate,1,0.93,1r862xwvazf11.jpg
inappropriate,1,0.95,i3buq34cy0q31.jpg
inappropriate,1,0.92,gkz1potldks21.jpg
inappropriate,1,0.97,obtqle2uz0b21.jpg
inappropriate,1,0.95,yenifda4gxz11.jpg
inappropriate,1,0.99,cp7gzly311541.jpg
inappropriate,1,0.90,7y985yib1fn21.jpg
inappropriate,1,0.91,836k8v3z9dd21.jpg
inappropriate,1,0.98,rsndhwh83sa21.jpg
inappropriate,1,0.97,qlny84w5ie141.jpg
inappropriate,1,0.99,er86ynr6jya11.jpg
inappropriate,1,0.97,13v9x.jpg
inappropriate,1,0.96,uxkqobb3v9521.jpg
inappropriate,1,0.91,t9oofy60nsz21.jpg
inappropriate,1,0.94,15t4m.jpg
inappropriate,1,0.92,s0shoakwn8041.jpg
inappropriate,1,0.97,o8vgv32urmo31.jpg
inappropriate,1,0.91,e5p5ayxyjfc21.jpg
inappropriate,1,0.99,bw0ig0ianhx31.jpg
inappropriate,1,0.93,c0zuhfbnvvn31.jpg
inappropriate,1,0.99,gwhazlbnbsm21.jpg
inappropriate,1,0.92,vhklua0lpi641.jpg
inappropriate,1,0.92,4hhourjtta931.jpg
inappropriate,1,0.99,0hjdgm4kk3k11.jpg
inappropriate,1,0.96,uqltdpuc71a31.jpg
inappropriate,1,0.96,s02dvg15ri831.jpg
inappropriate,1,0.95,i82p04emggx21.jpg
inappropriate,1,0.94,z262srm2gvd11.jpg
inappropriate,1,0.91,ntna3oo659611.jpg
inappropriate,1,0.97,rh500a4f1gx21.jpg
inappropriate,1,0.96,f1aquxaw96y31.jpg
inappropriate,1,0.95,31d1gqtqh6921.jpg
inappropriate,1,0.90,2lgz19pgory21.jpg
inappropriate,1,0.94,fqjgj96j2mb21.jpg
inappropriate,1,0.98,7vqfe3299t341.jpg
inappropriate,1,0.97,kivsgm0z0kj21.jpg
inappropriate,1,0.95,9irhta0zige21.jpg
inappropriate,1,0.96,6jvnkgcw4u731.jpg
inappropriate,1,0.96,5gsnup3mlv731.jpg
inappropriate,1,0.98,gx0vichctuq21.jpg
inappropriate,1,0.94,13kxp8oqffk21.jpg
inappropriate,1,0.99,8j6m3yzwhod31.jpg
inappropriate,1,0.93,gr8ocxk4rsi21.jpg
inappropriate,1,0.96,jgdpf5vml5121.jpg
inappropriate,1,0.94,06y2tsz4yf741.jpg
inappropriate,1,0.99,vopcdpm1vy041.jpg
inappropriate,1,0.98,14cao.jpg
inappropriate,1,0.92,toaxlusnc1k31.jpg
inappropriate,1,0.93,uf7vmyrqjnp21.jpg
inappropriate,1,0.99,xnowsjl8txx11.jpg
inappropriate,1,0.99,6snqjn5swdw11.jpg
inappropriate,1,0.90,1ifph.jpg
inappropriate,1,0.98,w4t82ji845301.jpg
inappropriate,1,0.90,m7iiaaqtza341.jpg
inappropriate,1,0.98,iz29cabfa0g21.jpg
inappropriate,1,0.99,fzr67aqeico11.jpg
inappropriate,1,0.93,cnsc8wm4rbg11.jpg
inappropriate,1,0.90,exbxmihkjf031.jpg
inappropriate,1,0.97,hq3j5k2p89s21.jpg
inappropriate,1,1.00,xrzbvpj6nzz11.jpg
inappropriate,1,0.98,xy51.jpg
inappropriate,1,0.91,jnvgzxs3twj21.jpg
inappropriate,1,0.96,s7cnzbhv9zw31.jpg
inappropriate,1,0.93,8nmf6m5mk5y31.jpg
inappropriate,1,0.98,pg47s6wyoq911.jpg
inappropriate,1,0.98,spanyo7p98531.jpg
inappropriate,1,0.93,16f7g.jpg
inappropriate,1,0.95,x0mokrcdw9q01.jpg
inappropriate,1,0.91,tr9a9rv3opz21.jpg
inappropriate,1,0.99,ef3iw9cuk3j11.jpg
inappropriate,1,0.96,tkkslxu0i4h21.jpg
inappropriate,1,0.97,xdmomycjp7141.jpg
inappropriate,1,0.98,1htz9.jpg
inappropriate,1,0.92,60fcw8viqhh11.jpg
inappropriate,1,0.99,h08858q33yx11.jpg
inappropriate,1,0.97,67u6ry3go9u01.jpg
inappropriate,1,0.96,vg655sdn82c31.jpg
inappropriate,1,1.00,p2xhn7omsk741.jpg
inappropriate,1,0.98,97knatjx4sq31.jpg
inappropriate,1,0.96,4hyj71996k421.jpg
inappropriate,1,0.99,14jxs.jpg
inappropriate,1,1.00,0n9030tmmfw31.jpg
inappropriate,1,0.97,d1uaa6fxx4o31.jpg
inappropriate,1,0.92,bv8kvr9zzg141.jpg
